{"mean": [0.7247665160319996, 0.0019181359450911868, 0.016483698621066807, 0.020141623318437947, 0.002171488075931781, 0.34691668049466967, 0.09863149547810157, 0.11340368084453274, 0.2855934787382772, 0.04997425498902774, 0.0004993508061387976, 1.8490112202829287e-05, 0.016136810175396192, 0.035203269313382385], "std": [0.20478364025210688, 0.0056221154999248684, 0.0520546734766599, 0.06140999313167851, 0.02004573937237688, 0.27130718896478845, 0.12457677223573373, 0.12005264678067772, 0.24469281299683313, 0.14220099716672427, 0.001972431768913302, 0.000618978455382775, 0.053775126848546045, 0.1007135123769431]}